Date;N1;N2;N3;N4;N5;E1;E2;Winner;Gain
24/12/2004;3;27;29;4;37;6;5;1;10000000
17/12/2004;49;22;19;15;46;9;2;1;26215627
26/11/2004;24;1;34;4;36;8;6;1;43756502
22/10/2004;9;25;1;40;23;3;9;1;25059130
10/01/2004;48;20;45;21;12;6;5;1;29785269
08/06/2004;5;35;44;15;24;6;5;1;24746858
18/06/2004;28;2;40;23;43;6;2;1;12286876
06/04/2004;41;42;34;13;9;7;3;1;12488171
21/05/2004;37;39;29;15;49;4;9;1;10000000
14/05/2004;32;3;1;39;21;2;6;1;33816137
04/09/2004;23;19;10;1;4;2;8;1;25556285
03/05/2004;39;37;4;7;33;5;1;1;20678070
13/02/2004;32;16;29;41;36;9;7;1;15000000
11/11/2005;41;16;36;42;15;5;3;1;45117030
14/10/2005;10;19;11;23;20;6;1;1;15000000
10/07/2005;26;44;21;13;2;3;9;2;15000000
30/09/2005;11;50;48;6;47;1;6;4;25066380
16/09/2005;19;38;12;13;21;3;9;1;75888514
29/07/2005;50;3;19;49;26;5;4;1;115436126
20/05/2005;28;6;47;7;13;8;5;1;43020745
22/04/2005;13;10;24;47;3;9;5;2;23749558
04/08/2005;31;50;25;11;7;3;1;1;64040749
18/02/2005;32;46;20;21;26;8;9;1;10000000
02/11/2005;11;13;25;32;50;7;4;1;34776948
14/01/2005;11;14;29;6;19;3;1;2;26007362
29/12/2006;14;9;6;13;35;3;4;0;66983488
22/12/2006;20;11;43;9;38;2;3;0;53119776
15/12/2006;35;37;9;42;23;3;7;0;39640847
12/08/2006;47;36;17;16;18;1;2;0;26982938
12/01/2006;16;37;8;41;4;2;5;0;15000000
24/11/2006;8;5;40;25;17;5;1;2;15000000
17/11/2006;36;12;33;22;32;2;6;0;183109057
11/10/2006;36;30;14;27;21;2;3;0;153564446
11/03/2006;13;11;44;24;49;9;3;0;131523150
27/10/2006;3;50;44;4;8;8;7;0;113230830
20/10/2006;10;34;47;19;45;6;3;0;96837646
13/10/2006;2;32;38;41;25;5;3;0;82724345
10/06/2006;5;35;11;22;38;7;8;0;69208821
29/09/2006;1;3;24;6;18;5;8;0;59132969
22/09/2006;30;45;49;29;10;8;3;0;47213250
15/09/2006;10;49;26;6;16;7;9;0;35980458
09/08/2006;12;10;32;33;1;8;1;0;25256582
09/01/2006;25;50;7;45;3;9;6;0;15000000
25/08/2006;47;10;28;48;40;8;6;1;57414511
18/08/2006;37;40;50;12;39;1;2;0;45929071
08/11/2006;47;31;46;28;27;5;2;0;35197614
08/04/2006;26;15;32;14;1;7;3;0;24977577
28/07/2006;3;43;29;8;12;6;7;0;15000000
21/07/2006;50;4;38;2;9;8;6;1;25042525
14/07/2006;1;31;7;17;36;8;2;0;15000000
07/07/2006;35;9;7;43;18;7;5;2;68408266
30/06/2006;16;6;15;40;43;1;2;0;58765947
23/06/2006;44;30;9;21;43;9;1;0;46811687
16/06/2006;26;36;1;16;30;9;3;0;35662152
06/09/2006;3;34;39;15;12;4;6;0;25187106
06/02/2006;41;7;48;27;8;6;1;0;15000000
26/05/2006;21;41;12;2;49;3;7;2;15000000
19/05/2006;49;34;25;3;5;8;5;1;15000000
05/12/2006;23;5;20;34;50;1;5;2;25640375
05/05/2006;8;50;16;4;14;9;3;0;15000000
28/04/2006;17;5;33;22;10;7;5;4;25811931
21/04/2006;46;1;22;20;37;1;9;0;15000000
14/04/2006;34;35;26;16;49;6;2;1;25915863
04/07/2006;13;12;29;50;44;4;5;0;15000000
31/03/2006;50;3;45;20;31;7;6;1;75753123
24/03/2006;17;47;28;33;35;4;9;0;65117842
17/03/2006;50;44;5;45;32;7;1;0;51865203
03/10/2006;1;33;21;45;49;4;8;0;39080314
03/03/2006;5;44;10;8;3;3;5;0;26842720
24/02/2006;18;19;1;47;11;7;3;0;15000000
17/02/2006;4;23;38;24;26;4;2;1;27813382
02/10/2006;5;38;6;48;50;6;7;0;15000000
02/03/2006;30;39;9;21;50;3;1;3;183573077
27/01/2006;9;21;15;40;49;4;1;0;152882223
28/12/2007;45;31;20;22;21;9;7;0;15000000
21/12/2007;37;7;44;28;9;7;6;1;27716872
14/12/2007;8;30;36;25;44;4;3;0;15000000
12/07/2007;48;43;4;2;32;1;7;1;27552424
30/11/2007;38;20;12;19;30;9;7;0;15000000
23/11/2007;22;2;48;29;10;9;3;1;27375964
16/11/2007;23;18;33;37;9;1;8;0;15000000
11/09/2007;14;25;36;5;22;6;5;2;15000000
11/02/2007;40;16;3;19;18;2;1;1;41136124
26/10/2007;20;7;38;40;43;8;1;0;27610682
19/10/2007;7;18;34;35;40;7;8;0;15000000
10/12/2007;36;47;21;32;46;3;4;2;15000000
10/05/2007;20;27;35;44;11;5;2;5;15000000
28/09/2007;22;34;44;30;35;4;5;0;130000000
21/09/2007;35;37;17;1;32;8;1;1;27247062
14/09/2007;33;29;5;9;11;7;9;0;15000000
09/07/2007;42;3;34;2;33;5;3;1;15000000
31/08/2007;22;37;23;18;6;6;5;1;39496528
24/08/2007;16;3;42;1;48;2;3;0;26677818
17/08/2007;2;13;42;3;38;7;8;0;15000000
08/10/2007;40;43;49;42;23;6;2;1;52630236
08/03/2007;41;33;37;30;10;1;8;0;39185012
27/07/2007;4;29;21;1;41;8;7;0;27731341
20/07/2007;50;26;10;21;25;9;4;0;15000000
13/07/2007;13;9;31;15;48;6;3;1;56945074
07/06/2007;39;41;4;19;5;9;8;0;39898280
29/06/2007;28;8;33;45;12;1;3;0;26816658
22/06/2007;22;17;16;11;34;5;6;0;15000000
15/06/2007;5;14;40;7;21;3;8;1;26938896
06/08/2007;15;17;25;45;1;8;2;0;15000000
06/01/2007;22;41;42;37;6;6;9;1;15000000
25/05/2007;49;26;50;29;25;8;7;1;15000000
18/05/2007;49;37;34;26;39;2;6;1;15000000
05/11/2007;12;26;49;7;29;6;2;3;53347664
05/04/2007;17;41;35;6;45;1;5;0;39605256
27/04/2007;44;18;7;36;27;1;2;0;26851565
20/04/2007;41;26;32;45;23;3;7;0;15000000
13/04/2007;20;41;38;7;25;3;7;1;15000000
04/06/2007;41;48;29;23;15;6;3;1;26945909
30/03/2007;19;9;46;17;41;1;8;0;15000000
23/03/2007;43;17;5;40;13;3;1;1;41023864
16/03/2007;45;4;31;49;14;9;4;0;27699321
03/09/2007;43;25;3;2;48;9;6;0;15000000
03/02/2007;3;16;48;34;38;8;5;2;42201702
23/02/2007;20;2;22;18;15;5;2;0;28224030
16/02/2007;19;39;20;50;8;6;9;0;15000000
02/09/2007;36;16;46;30;14;8;2;1;100000000
02/02/2007;36;14;27;23;30;1;6;1;27173863
26/01/2007;38;11;23;15;30;4;9;0;15000000
19/01/2007;27;5;13;33;42;4;2;1;15000000
01/12/2007;14;8;25;19;11;3;5;1;15000000
01/05/2007;17;45;36;29;19;6;5;2;78312155
26/12/2008;44;26;2;1;50;1;7;0;26758047
19/12/2008;29;50;46;28;40;5;7;0;15000000
12/12/2008;2;19;42;28;49;7;2;2;15000000
12/05/2008;35;8;21;45;4;5;8;1;15000000
28/11/2008;8;25;11;41;16;4;2;1;28044446
21/11/2008;50;49;21;9;14;8;3;0;15000000
14/11/2008;14;26;10;8;21;4;3;1;15000000
11/07/2008;9;1;17;12;18;3;4;1;15000000
31/10/2008;34;25;3;41;18;5;2;2;42831306
24/10/2008;45;7;15;16;17;6;9;0;28282482
17/10/2008;50;12;10;3;42;1;5;0;15000000
10/10/2008;15;31;22;4;41;6;1;1;29068081
10/03/2008;4;38;13;19;23;2;3;0;15000000
26/09/2008;31;29;33;14;37;2;1;0;130000000
19/09/2008;14;16;19;31;20;9;6;0;15000000
09/12/2008;23;33;37;19;50;7;3;1;15000000
09/05/2008;17;12;39;16;7;3;8;2;119349706
29/08/2008;2;20;37;25;39;8;5;0;91223351
22/08/2008;50;27;29;39;7;7;5;0;70754953
15/08/2008;18;11;17;26;31;6;5;0;54127607
08/08/2008;15;5;16;45;4;7;4;0;40358795
08/01/2008;25;40;22;50;1;1;8;0;27010082
25/07/2008;29;7;15;24;11;7;2;0;15000000
18/07/2008;16;14;44;10;29;6;5;1;15000000
07/11/2008;37;19;11;13;9;3;4;1;15000000
07/04/2008;19;22;48;7;27;7;5;1;15000000
27/06/2008;20;44;5;50;26;5;7;1;58278337
20/06/2008;11;8;36;37;45;3;5;0;43334864
13/06/2008;16;37;44;50;13;9;1;0;29947069
06/06/2008;21;40;19;50;7;2;9;0;15000000
30/05/2008;14;20;49;7;5;8;2;1;15000000
23/05/2008;5;38;9;19;21;1;7;4;15000000
16/05/2008;6;38;9;25;15;4;9;1;55609411
05/09/2008;8;9;42;40;45;7;6;0;40624869
05/02/2008;26;48;45;37;2;8;4;0;27290983
25/04/2008;4;30;26;19;27;8;3;0;15000000
18/04/2008;27;6;7;50;3;5;9;1;58367681
04/11/2008;50;30;25;45;6;5;7;0;42346692
04/04/2008;18;37;47;13;11;6;1;0;28004694
28/03/2008;39;9;29;5;17;3;6;0;15000000
21/03/2008;10;2;22;18;36;6;4;1;15000000
14/03/2008;13;48;35;21;25;4;8;1;28239959
03/07/2008;14;17;7;35;2;6;1;0;15000000
29/02/2008;37;47;49;40;12;9;2;1;15000000
22/02/2008;46;50;4;27;32;8;9;1;28912566
15/02/2008;27;45;12;29;46;7;4;0;15000000
02/08/2008;17;38;28;44;30;1;4;0;130000000
02/01/2008;30;49;45;47;22;4;9;0;15000000
25/01/2008;2;19;9;45;6;7;8;1;76611580
18/01/2008;46;40;16;14;23;8;4;0;57437748
01/11/2008;24;36;50;8;49;4;8;0;40754255
01/04/2008;41;24;10;12;25;3;5;0;26917710
25/12/2009;4;17;5;34;14;5;3;0;15000000
18/12/2009;49;30;35;32;14;8;3;1;59459744
12/11/2009;41;43;44;46;20;2;9;0;43818510
12/04/2009;25;30;19;18;44;3;1;0;29071578
27/11/2009;33;15;13;5;8;8;9;0;15000000
20/11/2009;47;9;28;5;43;2;9;1;15000000
13/11/2009;15;25;32;26;13;4;3;1;16569317
11/06/2009;19;43;45;34;11;5;9;2;102199675
30/10/2009;35;9;33;38;40;6;2;0;79524887
23/10/2009;20;6;18;29;31;8;2;0;60674298
16/10/2009;23;30;31;47;12;3;4;0;44254660
10/09/2009;29;11;46;7;50;4;7;0;29041468
10/02/2009;44;29;24;23;22;5;1;0;15000000
25/09/2009;6;21;18;17;34;9;3;1;15000000
18/09/2009;30;16;41;38;6;2;4;1;100000000
09/11/2009;42;15;12;35;43;6;4;0;43176231
09/04/2009;20;39;6;9;38;9;3;0;28509295
28/08/2009;37;41;49;36;8;7;5;0;15000000
21/08/2009;16;42;31;7;4;5;3;2;75140659
14/08/2009;30;5;8;49;24;9;3;0;57349944
08/07/2009;22;10;31;24;20;7;2;0;41938302
31/07/2009;26;9;20;21;5;6;3;0;28001223
24/07/2009;15;47;35;25;14;9;5;0;15000000
17/07/2009;17;50;8;2;32;3;7;1;57528118
07/10/2009;42;20;6;16;46;1;6;0;42207030
07/03/2009;29;47;46;34;21;6;8;0;28040956
26/06/2009;21;6;11;39;30;8;2;0;15000000
19/06/2009;20;17;16;4;29;7;5;1;15000000
06/12/2009;50;14;6;16;34;6;4;2;58861216
06/05/2009;35;19;40;26;11;2;5;0;42859330
29/05/2009;30;47;2;37;5;6;3;0;28394418
22/05/2009;43;4;14;33;13;6;1;0;15000000
15/05/2009;19;8;42;18;20;5;9;1;15000000
05/08/2009;4;29;23;31;24;9;8;1;126231764
05/01/2009;38;47;31;19;5;3;5;0;98731551
24/04/2009;21;4;24;14;41;5;8;0;77000542
17/04/2009;7;4;21;44;47;1;5;0;58530802
04/10/2009;37;14;9;46;16;2;4;0;42292286
04/03/2009;46;24;32;20;2;1;9;0;28308420
27/03/2009;25;42;36;33;38;6;7;0;15000000
20/03/2009;31;12;35;23;16;4;6;2;29717504
13/03/2009;36;42;26;12;24;1;4;0;16009561
03/06/2009;13;35;25;17;19;5;6;2;100000000
27/02/2009;9;44;5;37;45;9;6;0;43037732
20/02/2009;13;48;9;12;14;1;2;0;28117227
13/02/2009;33;36;40;22;42;1;2;0;15000000
02/06/2009;36;30;20;40;10;3;5;2;15000000
30/01/2009;4;34;35;46;29;5;8;1;28407448
23/01/2009;36;49;33;40;32;2;8;0;15000000
16/01/2009;50;22;17;3;49;3;6;1;15000000
01/09/2009;22;7;15;28;48;4;1;1;57199762
01/02/2009;48;30;29;37;36;1;6;0;40425333
31/12/2010;2;24;43;38;34;1;7;1;15338239
24/12/2010;46;19;42;36;38;8;2;1;19106756
17/12/2010;3;35;29;42;20;3;8;1;43677118
12/10/2010;46;2;10;3;33;8;7;0;28707820
12/03/2010;28;32;46;8;19;4;7;0;15000000
26/11/2010;9;41;36;49;28;7;5;1;45322973
19/11/2010;36;12;15;45;32;9;7;0;30223423
11/12/2010;23;47;7;19;29;6;1;0;16141034
11/05/2010;21;23;33;50;40;5;4;1;29087861
29/10/2010;32;22;16;42;20;8;9;0;15000000
22/10/2010;39;5;11;9;4;3;5;2;29421180
15/10/2010;38;31;2;36;43;7;3;0;15000000
10/08/2010;46;35;39;30;9;6;8;1;129818431
10/01/2010;4;27;6;48;1;1;6;0;100000000
24/09/2010;1;16;48;4;40;1;9;2;28674645
17/09/2010;50;27;38;17;29;3;1;0;15000000
09/10/2010;35;41;21;45;17;5;1;1;15000000
09/03/2010;24;49;47;26;13;4;8;1;15000000
27/08/2010;13;6;30;1;49;1;9;2;15000000
20/08/2010;27;31;5;42;40;6;1;1;15000000
13/08/2010;15;9;47;21;4;7;2;3;15000000
08/06/2010;42;28;13;29;25;4;5;1;15000000
30/07/2010;39;11;3;4;28;8;2;1;28092206
23/07/2010;4;13;37;35;46;9;3;0;15000000
16/07/2010;49;46;45;39;38;7;8;1;42218532
07/09/2010;37;9;49;24;39;3;9;0;28051827
07/02/2010;46;41;36;13;12;8;1;0;15000000
25/06/2010;18;1;8;28;31;9;8;1;27989077
18/06/2010;2;29;31;38;32;4;1;0;15000000
06/11/2010;44;2;36;22;24;2;1;1;15000000
06/04/2010;34;42;17;40;4;9;4;1;15000000
28/05/2010;9;31;32;33;4;3;7;1;15000000
21/05/2010;38;19;50;7;30;4;7;1;15000000
14/05/2010;17;31;43;47;1;3;2;1;100037101
05/07/2010;15;21;6;3;32;7;9;0;78821704
30/04/2010;6;36;22;25;24;3;8;0;60297781
23/04/2010;46;3;7;8;43;6;8;0;43702394
16/04/2010;17;11;26;40;9;9;3;0;28888274
04/09/2010;44;23;24;21;7;3;4;0;15000000
04/02/2010;26;18;12;24;45;5;4;1;15000000
26/03/2010;18;37;8;16;43;2;6;1;44378829
19/03/2010;38;28;30;39;10;7;2;0;29152590
03/12/2010;46;1;26;36;33;7;6;0;15000000
03/05/2010;19;18;49;12;43;9;3;1;46258004
26/02/2010;42;11;29;7;18;7;6;0;30133000
19/02/2010;37;12;38;31;43;3;2;0;15000000
02/12/2010;5;45;1;38;18;6;4;2;129618405
02/05/2010;46;38;34;35;39;3;4;0;100000000
29/01/2010;39;43;30;17;9;7;5;1;29242656
22/01/2010;4;44;27;22;36;9;7;0;15000000
15/01/2010;49;50;26;29;11;4;7;2;59407369
01/08/2010;44;5;14;4;46;9;8;0;42944229
01/01/2010;22;24;27;36;9;7;5;0;28412329
30/12/2011;36;44;43;16;50;8;7;0;51792389
27/12/2011;26;21;25;19;44;7;3;0;38129375
23/12/2011;22;7;24;28;21;1;11;0;30860915
20/12/2011;14;48;1;9;12;7;1;0;15000000
16/12/2011;10;2;23;31;5;5;2;1;46576447
13/12/2011;12;37;18;33;7;1;11;0;34268472
12/09/2011;21;12;47;44;29;2;1;0;26824531
12/06/2011;34;21;20;38;19;9;3;0;15000000
12/02/2011;27;40;7;43;30;9;8;1;27094320
29/11/2011;25;50;11;45;41;7;2;0;15000000
25/11/2011;34;14;26;19;28;5;8;1;35062896
22/11/2011;16;40;38;24;18;2;4;0;21897137
18/11/2011;39;44;24;4;12;2;4;0;15000000
15/11/2011;47;17;22;6;45;3;11;1;15000000
11/11/2011;30;18;1;4;23;3;7;1;67939184
11/08/2011;40;15;4;29;1;1;5;0;54417326
11/04/2011;41;50;11;43;14;9;2;0;46270560
11/01/2011;20;45;23;14;46;1;11;0;33703338
28/10/2011;39;16;20;17;50;4;8;0;26983680
25/10/2011;39;28;22;12;27;4;10;0;15000000
21/10/2011;37;19;2;33;46;5;8;2;47998649
18/10/2011;46;18;37;48;23;2;10;0;35273363
14/10/2011;47;23;12;29;32;3;5;0;27483912
10/11/2011;12;16;4;1;48;9;10;0;15000000
10/07/2011;42;34;18;38;26;8;5;1;117705979
10/04/2011;14;16;23;45;38;8;11;0;100000000
30/09/2011;28;15;44;31;5;1;6;3;48578058
27/09/2011;28;18;40;27;35;3;5;0;35496319
23/09/2011;6;33;48;14;34;6;2;0;27447714
20/09/2011;25;38;19;9;36;11;7;0;15000000
16/09/2011;39;2;42;17;8;3;10;1;15000000
13/09/2011;28;32;49;9;30;9;10;1;162256622
09/09/2011;21;5;34;31;28;2;1;0;147365854
09/06/2011;42;35;50;48;47;9;8;0;127472057
09/02/2011;37;12;26;38;44;4;7;0;115692111
30/08/2011;46;8;2;10;19;5;9;0;98519380
26/08/2011;25;45;22;33;12;5;7;0;89057638
23/08/2011;42;50;6;14;4;2;4;0;74844027
19/08/2011;16;6;31;28;14;11;2;0;66489770
16/08/2011;45;18;1;13;17;8;3;0;53726356
08/12/2011;7;20;37;10;27;7;4;0;46432977
08/09/2011;36;24;34;7;23;11;8;0;34158168
08/05/2011;34;32;18;14;13;1;10;0;26847222
08/02/2011;8;33;14;24;5;8;3;0;15000000
29/07/2011;37;38;19;27;12;5;10;1;27315669
26/07/2011;5;1;25;48;22;11;3;0;15000000
22/07/2011;4;50;15;49;23;2;6;2;15000000
19/07/2011;16;3;25;35;26;5;9;1;23148546
15/07/2011;26;6;33;39;34;3;4;0;15000000
07/12/2011;19;17;42;45;38;9;10;1;185000000
07/08/2011;12;13;40;49;23;7;10;0;185000000
07/05/2011;28;47;29;11;49;5;1;0;176715803
07/01/2011;11;23;31;8;46;9;8;0;156881529
28/06/2011;16;15;44;30;50;3;2;0;134366394
24/06/2011;41;20;5;30;16;11;6;0;120909822
21/06/2011;49;50;20;17;35;4;3;0;103328216
17/06/2011;11;22;21;16;44;8;3;0;92688909
14/06/2011;41;19;48;5;12;8;10;0;77116731
06/10/2011;37;20;3;48;19;8;11;0;68829142
06/07/2011;25;38;40;6;36;10;4;0;54804890
06/03/2011;49;40;50;39;4;2;5;0;46382251
31/05/2011;22;9;10;50;1;11;5;0;33899735
27/05/2011;28;9;49;25;17;9;8;0;27342236
24/05/2011;16;23;24;29;26;2;9;0;15000000
20/05/2011;42;25;10;20;14;8;11;1;27642654
17/05/2011;37;20;21;45;46;3;2;0;15000000
13/05/2011;17;47;11;36;9;2;1;1;121019633
05/10/2011;28;3;45;10;15;7;5;0;100000000
05/06/2011;28;16;20;22;11;4;9;1;28772008
29/04/2011;38;40;25;15;41;1;2;0;15000000
22/04/2011;22;45;48;11;36;1;4;1;43415570
15/04/2011;4;41;6;21;39;2;6;0;29316256
04/08/2011;21;47;23;38;50;6;2;0;15000000
04/01/2011;17;33;22;21;4;4;8;1;15000000
25/03/2011;12;21;6;33;27;7;3;2;138210534
18/03/2011;50;13;26;1;20;7;6;0;107470965
03/11/2011;17;24;37;19;46;2;7;0;82769625
03/04/2011;28;41;25;11;27;8;5;0;61901148
25/02/2011;42;45;13;48;12;3;9;0;44068144
18/02/2011;45;3;49;15;2;9;5;0;28569174
02/11/2011;15;14;12;19;23;7;8;0;15000000
02/04/2011;47;35;11;2;24;5;9;5;28947728
28/01/2011;41;24;23;42;13;5;1;0;15000000
21/01/2011;21;11;13;3;18;5;4;2;29004254
14/01/2011;44;2;24;14;39;7;6;0;15000000
01/07/2011;32;22;1;48;50;7;6;1;15000000
28/12/2012;26;49;27;24;17;3;5;0;26703677
25/12/2012;14;20;32;23;18;3;10;0;15000000
21/12/2012;40;5;3;42;22;3;10;1;101835641
18/12/2012;35;14;44;18;20;5;2;0;86060443
14/12/2012;40;29;11;43;10;11;3;0;76452078
12/11/2012;50;4;9;1;43;6;8;0;63235218
12/07/2012;10;18;31;42;16;2;5;0;54583279
12/04/2012;29;5;28;44;10;2;4;0;42363921
30/11/2012;18;23;40;24;10;3;4;0;34324723
27/11/2012;49;44;6;10;23;7;1;0;22479773
23/11/2012;11;20;40;9;1;5;1;0;15000000
20/11/2012;42;28;45;30;49;10;5;1;22756968
16/11/2012;15;19;41;23;10;2;9;0;15000000
13/11/2012;11;16;21;24;29;2;6;1;169837015
11/09/2012;47;28;14;21;22;5;4;0;152867729
11/06/2012;35;25;20;41;7;1;9;0;132672800
11/02/2012;6;10;3;44;11;3;4;0;119125945
30/10/2012;23;44;25;24;31;2;3;0;102511027
26/10/2012;9;5;6;38;27;5;11;0;91421975
23/10/2012;1;35;38;50;28;2;10;0;76874851
19/10/2012;16;40;44;37;29;8;10;0;67874748
16/10/2012;41;10;40;49;32;2;8;0;54755945
10/12/2012;35;7;17;43;6;2;8;0;46640893
10/09/2012;23;8;10;25;2;8;9;0;34447603
10/05/2012;19;16;18;21;9;3;2;0;26871790
10/02/2012;16;42;21;36;4;8;7;0;15000000
28/09/2012;20;26;30;33;23;6;9;1;100000000
25/09/2012;7;25;27;48;49;1;4;0;33985873
21/09/2012;41;4;34;43;19;7;11;0;26523681
18/09/2012;38;7;39;44;6;7;9;0;15000000
14/09/2012;27;10;44;23;3;9;7;1;26580854
09/11/2012;15;6;37;22;44;2;4;0;15000000
09/07/2012;15;35;13;30;42;4;6;1;47319633
09/04/2012;18;39;17;44;11;10;5;0;34855964
31/08/2012;31;28;16;48;33;11;7;0;26982209
28/08/2012;1;26;25;44;18;5;4;0;15000000
24/08/2012;6;5;19;37;12;7;3;1;47570390
21/08/2012;17;5;38;4;48;4;3;0;34941089
17/08/2012;19;25;33;44;28;8;2;0;26921509
14/08/2012;45;16;42;1;38;9;10;0;15000000
08/10/2012;50;21;17;48;11;9;10;1;190000000
08/07/2012;20;50;34;46;27;3;2;0;190000000
08/03/2012;34;35;42;24;46;5;1;0;180011715
31/07/2012;35;39;4;36;29;9;8;0;156962440
27/07/2012;15;48;14;23;21;2;10;0;141583959
24/07/2012;18;25;4;16;44;11;1;0;112218632
20/07/2012;19;23;10;45;49;9;10;0;101392999
17/07/2012;24;2;43;7;46;10;8;0;85954935
13/07/2012;18;46;35;25;8;9;4;0;76630917
07/10/2012;37;1;24;16;3;8;1;0;61268725
07/06/2012;40;42;38;31;32;3;1;0;53006942
07/03/2012;22;7;2;40;27;6;3;0;40811640
29/06/2012;14;17;28;39;29;11;1;0;33263796
26/06/2012;11;22;35;20;1;10;8;0;21896089
22/06/2012;18;14;19;43;49;7;3;0;15000000
19/06/2012;17;20;50;7;35;5;11;1;15000000
15/06/2012;48;38;27;22;10;3;7;2;26828456
06/12/2012;30;26;48;15;8;9;10;0;15000000
06/08/2012;11;22;5;34;40;9;11;2;158052844
06/05/2012;13;49;37;47;34;8;9;0;134974395
06/01/2012;26;2;36;14;4;9;10;0;120024029
29/05/2012;28;17;25;15;8;3;11;0;101071615
25/05/2012;35;12;22;49;46;2;8;0;89779597
22/05/2012;31;32;41;16;37;7;1;0;74848794
18/05/2012;29;50;43;47;13;9;11;0;65687547
15/05/2012;13;2;50;11;26;5;2;0;51753790
05/11/2012;1;17;13;44;38;2;11;0;44093380
05/08/2012;3;34;48;38;21;5;8;0;32541206
05/04/2012;26;41;40;39;3;1;2;0;25968725
05/01/2012;4;15;41;5;19;11;9;0;15000000
27/04/2012;36;43;30;27;20;1;6;1;44407281
24/04/2012;8;24;48;43;9;3;5;0;32867376
20/04/2012;32;41;29;3;6;11;10;0;26031384
17/04/2012;10;28;49;48;33;10;1;0;15000000
13/04/2012;8;39;43;13;26;3;5;1;53763217
04/10/2012;37;27;22;25;36;9;5;0;39523670
04/06/2012;11;35;45;20;30;2;3;0;32751944
04/03/2012;1;8;18;25;30;10;9;0;21716352
30/03/2012;46;17;23;4;36;10;6;0;15000000
27/03/2012;29;36;27;34;24;7;8;1;15000000
23/03/2012;50;15;9;23;31;8;11;1;26096499
20/03/2012;28;30;15;16;46;3;4;0;15000000
16/03/2012;12;4;50;3;23;4;7;1;45758710
13/03/2012;47;1;25;10;43;8;9;0;33798147
03/09/2012;39;36;32;47;3;6;9;0;26508061
03/06/2012;23;47;27;37;24;6;2;0;15000000
03/02/2012;44;5;11;6;30;6;2;1;26670951
28/02/2012;10;48;1;17;33;2;3;0;15000000
24/02/2012;34;3;12;26;7;10;8;1;54897476
21/02/2012;11;24;14;25;29;11;7;0;41851240
17/02/2012;11;4;47;28;38;11;10;0;34279343
14/02/2012;36;14;42;46;27;11;8;0;22361166
02/10/2012;3;14;31;41;8;7;11;0;15000000
02/07/2012;15;3;17;33;28;2;4;1;54252968
02/03/2012;16;20;19;25;28;1;10;0;46106653
31/01/2012;43;34;38;9;45;4;2;0;33767650
27/01/2012;10;19;44;13;39;6;2;0;26630721
24/01/2012;1;20;6;2;36;11;8;0;15000000
20/01/2012;10;28;27;2;22;8;6;1;48895464
17/01/2012;12;44;22;30;31;5;6;0;36496417
13/01/2012;39;13;21;14;27;8;6;0;29204007
01/10/2012;9;4;30;10;40;9;2;0;15000000
01/06/2012;1;6;10;31;12;7;2;2;73113566
01/03/2012;42;30;45;3;49;5;10;0;59857419
31/12/2013;29;45;24;20;13;7;3;0;100878708
27/12/2013;1;22;6;13;28;10;5;0;86334915
24/12/2013;5;31;43;50;19;6;2;0;74670405
20/12/2013;13;22;17;43;12;10;3;0;64321006
17/12/2013;41;6;8;37;27;7;10;0;52406869
13/12/2013;24;22;23;1;31;6;11;0;44668268
12/10/2013;49;50;24;6;35;7;1;0;31707067
12/06/2013;18;31;36;2;1;7;10;0;24886473
12/03/2013;32;6;29;15;13;2;9;0;15000000
29/11/2013;10;23;7;2;43;4;7;1;15000000
26/11/2013;44;27;23;42;19;5;3;1;32148861
22/11/2013;40;26;13;25;50;8;9;0;25321675
19/11/2013;45;14;19;36;15;1;10;0;15000000
15/11/2013;13;42;3;15;29;4;1;1;100000000
11/12/2013;29;48;40;37;14;11;2;0;15000000
11/08/2013;35;20;42;43;28;8;10;2;15000000
11/05/2013;35;38;12;13;6;2;3;1;21594781
11/01/2013;19;33;29;30;7;3;8;0;15000000
29/10/2013;32;9;10;30;37;6;2;1;15000000
25/10/2013;2;31;38;3;10;6;10;1;31714028
22/10/2013;39;33;29;44;41;9;11;0;21557573
18/10/2013;25;36;47;46;5;2;6;0;15000000
15/10/2013;39;18;27;43;47;7;4;1;50899071
10/11/2013;6;17;23;12;43;5;9;0;43300447
10/08/2013;23;24;33;42;26;5;3;0;32466476
10/04/2013;50;35;6;24;20;5;10;0;25391202
10/01/2013;19;44;48;25;23;9;8;0;15000000
27/09/2013;11;15;38;41;43;2;6;1;65793284
24/09/2013;10;20;26;28;43;9;11;0;53875031
20/09/2013;5;11;35;38;45;2;3;0;46107180
17/09/2013;13;17;21;42;44;9;11;0;34994367
13/09/2013;14;27;6;4;33;10;5;0;27722709
09/10/2013;7;11;14;28;30;2;10;0;15000000
09/06/2013;11;23;25;32;37;4;7;2;25602948
09/03/2013;5;18;16;42;9;7;9;0;15000000
30/08/2013;2;17;25;36;45;5;9;2;25642224
27/08/2013;7;30;38;40;43;2;6;0;15000000
23/08/2013;30;37;26;6;1;8;5;1;93948087
20/08/2013;42;11;50;49;5;8;11;0;80048874
16/08/2013;20;24;27;37;39;5;10;0;70976896
13/08/2013;5;20;47;17;50;1;4;0;59358856
08/09/2013;24;4;23;7;9;9;8;0;51235800
08/06/2013;17;47;16;49;31;3;11;0;39969189
08/02/2013;21;36;37;42;48;4;7;0;32550628
30/07/2013;3;14;4;11;43;1;6;0;22036079
26/07/2013;12;23;29;38;49;3;4;0;15141986
23/07/2013;14;15;16;19;44;4;5;1;15000000
19/07/2013;24;35;13;26;16;5;2;1;15000000
16/07/2013;50;34;47;19;23;4;6;1;22078146
07/12/2013;26;42;33;18;32;3;2;0;15000000
07/09/2013;18;16;38;49;31;10;4;1;33574531
07/05/2013;28;4;33;12;15;1;10;0;26012633
07/02/2013;14;13;11;28;30;4;5;0;15000000
28/06/2013;15;1;47;28;35;7;1;1;15000000
25/06/2013;4;13;35;27;5;2;1;2;187937614
21/06/2013;30;11;36;45;10;1;2;0;168458397
18/06/2013;24;33;17;41;44;11;1;0;146642974
14/06/2013;41;25;48;10;47;6;10;0;131383087
06/11/2013;7;9;25;5;41;5;1;0;112888839
06/07/2013;14;26;45;50;7;2;7;0;100000000
06/04/2013;34;33;40;31;37;6;1;0;22292668
31/05/2013;29;43;28;34;27;10;5;0;15000000
28/05/2013;34;38;13;8;26;3;11;1;95372874
24/05/2013;22;17;40;7;27;2;3;0;85427113
21/05/2013;29;19;8;28;7;9;5;0;71706904
17/05/2013;25;24;50;6;20;9;10;0;63210305
14/05/2013;24;7;8;36;27;11;5;0;51014670
05/10/2013;1;32;35;45;48;4;11;0;43122368
05/07/2013;43;27;13;28;42;4;6;0;32317752
05/03/2013;5;49;34;3;40;2;3;0;25320531
30/04/2013;13;50;40;43;36;9;5;0;15000000
26/04/2013;40;38;16;24;11;2;5;1;32469030
23/04/2013;50;4;1;7;10;4;11;0;21743067
19/04/2013;1;46;8;42;48;4;7;0;15000000
16/04/2013;33;50;22;1;11;4;6;1;15000000
04/12/2013;28;45;15;5;10;3;9;1;26258943
04/09/2013;15;44;48;38;35;10;5;0;15000000
04/05/2013;32;1;17;39;11;7;2;2;26538894
04/02/2013;17;12;41;29;25;1;4;0;15000000
29/03/2013;44;30;46;43;13;9;5;1;132486744
26/03/2013;44;30;26;42;4;6;11;0;113430166
22/03/2013;27;32;12;34;49;9;8;0;100000000
19/03/2013;44;32;19;37;35;9;1;0;21971382
15/03/2013;24;14;39;4;21;10;3;0;15000000
03/12/2013;50;4;10;2;22;5;8;1;15000000
03/08/2013;20;42;23;28;3;8;11;1;51689985
03/05/2013;33;31;19;8;39;7;2;0;40083119
03/01/2013;1;11;36;29;42;4;5;0;32728379
26/02/2013;3;12;13;17;30;2;6;0;21860645
22/02/2013;15;37;36;16;28;2;11;0;15000000
19/02/2013;28;30;44;12;15;9;8;1;60298933
15/02/2013;2;4;42;28;22;4;9;0;52030590
02/12/2013;28;25;5;11;16;7;9;0;40241884
02/08/2013;14;44;11;34;9;11;10;0;32916240
02/05/2013;25;6;45;40;31;6;7;0;21947416
02/01/2013;37;5;34;38;21;1;6;0;15000000
29/01/2013;9;16;26;36;39;2;6;2;15000000
25/01/2013;3;10;37;18;31;2;4;1;44297359
22/01/2013;45;10;48;1;44;4;1;0;32974711
18/01/2013;39;26;27;30;4;10;3;0;25798102
15/01/2013;47;42;22;40;38;11;1;0;15000000
01/11/2013;37;22;29;4;41;7;4;1;34191508
01/08/2013;22;26;47;2;20;9;5;0;22485855
01/04/2013;4;10;27;22;41;10;8;0;15000000
01/01/2013;36;49;2;7;8;11;1;3;38032608
30/12/2014;6;18;39;50;44;11;8;1;15000000
26/12/2014;26;45;27;49;17;2;3;1;25234535
23/12/2014;49;25;9;19;8;10;2;0;15000000
19/12/2014;39;44;23;29;31;5;8;1;15000000
16/12/2014;13;7;3;25;12;5;8;1;39580687
12/12/2014;28;2;15;31;37;4;6;0;32170285
12/09/2014;31;1;3;42;46;11;4;0;21823076
12/05/2014;5;8;48;47;37;3;2;0;15000000
12/02/2014;15;25;3;49;44;9;1;1;72971665
28/11/2014;10;23;6;41;15;10;4;0;64238836
25/11/2014;32;7;36;3;25;1;6;0;51208489
21/11/2014;28;32;7;37;4;5;10;0;43061336
18/11/2014;3;2;36;38;17;11;4;0;32415734
14/11/2014;36;32;38;48;17;8;5;0;25319129
11/11/2014;46;14;36;2;21;11;7;0;15000000
11/07/2014;32;13;38;46;25;10;1;2;33012470
11/04/2014;1;13;6;26;17;3;5;0;22206694
31/10/2014;10;41;13;20;33;9;3;0;15000000
28/10/2014;45;17;40;10;15;1;2;1;15000000
24/10/2014;42;20;3;30;9;6;1;1;190000000
21/10/2014;40;33;27;20;21;3;10;0;181778812
17/10/2014;49;13;48;1;40;8;10;0;164013958
14/10/2014;15;23;32;4;5;7;3;0;143635162
10/10/2014;29;42;47;45;6;9;10;0;129467190
10/07/2014;38;30;21;9;28;8;1;0;112118982
10/03/2014;13;23;50;48;4;10;5;0;100000000
30/09/2014;33;13;15;3;42;5;7;1;32929188
26/09/2014;46;35;47;13;27;1;2;0;25767850
23/09/2014;13;35;14;29;12;1;7;0;15000000
19/09/2014;6;34;8;38;48;9;3;1;86732923
16/09/2014;4;30;35;50;29;4;2;0;74610475
09/12/2014;31;9;33;26;13;7;11;0;66213888
09/09/2014;15;35;19;8;24;10;8;0;55073280
09/05/2014;18;50;23;46;1;9;3;0;47592168
09/02/2014;39;45;25;31;5;8;1;0;37624288
29/08/2014;32;38;26;9;2;3;6;0;30847109
26/08/2014;36;48;45;10;22;11;4;0;21332468
22/08/2014;29;17;49;35;4;1;2;0;15000000
19/08/2014;11;34;47;4;7;7;8;1;54304297
15/08/2014;4;21;30;5;23;10;8;0;46954024
08/12/2014;22;19;7;16;33;5;2;0;37783516
08/08/2014;29;21;35;46;43;1;9;0;30941693
08/05/2014;5;21;42;7;19;11;5;0;21466842
08/01/2014;50;44;46;48;24;10;5;0;15000000
29/07/2014;40;23;35;10;43;9;3;1;37632166
25/07/2014;10;24;9;12;43;5;9;0;30819744
22/07/2014;1;43;50;45;24;5;8;0;21405298
18/07/2014;1;41;43;11;29;3;11;0;15000000
15/07/2014;18;27;15;34;20;1;3;1;67902166
07/11/2014;38;35;5;49;22;7;4;0;60081769
07/08/2014;24;18;22;8;27;11;4;0;49306200
07/04/2014;47;18;43;39;4;6;2;0;42031147
07/01/2014;39;25;18;22;27;5;10;0;31752213
27/06/2014;39;34;45;33;31;2;10;0;24831312
24/06/2014;20;1;7;21;48;4;7;0;15000000
20/06/2014;5;38;49;15;25;1;2;1;24974879
17/06/2014;48;13;37;40;11;8;9;0;15000000
13/06/2014;16;22;28;46;18;11;9;1;137313501
06/10/2014;12;18;21;33;32;1;11;0;118626756
06/06/2014;34;40;25;7;49;9;11;0;106876333
06/03/2014;2;39;32;15;44;5;10;0;88945682
30/05/2014;27;41;24;45;5;7;6;0;78898283
27/05/2014;16;13;26;25;7;1;6;0;67034874
23/05/2014;31;3;47;8;34;11;9;0;59346874
20/05/2014;38;5;36;33;47;4;9;0;48745949
16/05/2014;26;23;37;29;40;4;3;0;41696345
13/05/2014;47;34;13;30;4;6;2;0;31594762
05/09/2014;45;28;3;26;21;10;7;0;24736691
05/06/2014;37;5;19;31;24;9;1;0;15000000
05/02/2014;30;42;4;31;38;11;2;1;89166455
29/04/2014;35;26;18;23;44;3;11;0;76616042
25/04/2014;13;49;44;21;24;9;1;0;67951355
22/04/2014;20;46;15;24;13;8;1;0;56813879
18/04/2014;21;47;31;39;24;3;7;0;49741996
15/04/2014;14;50;47;26;3;7;11;0;39469425
04/11/2014;8;33;30;12;19;4;11;0;32404758
04/08/2014;42;11;29;18;49;11;4;0;21651231
04/04/2014;50;45;28;6;10;10;11;0;15000000
04/01/2014;44;38;18;16;26;10;8;1;15000000
28/03/2014;3;43;19;28;4;3;7;1;25329483
25/03/2014;28;50;26;7;20;8;2;0;15000000
21/03/2014;37;7;39;30;42;7;5;1;25493153
18/03/2014;27;36;34;8;39;5;10;0;15000000
14/03/2014;30;24;6;27;25;9;5;1;129384564
03/11/2014;1;4;44;33;23;8;7;0;112224513
03/07/2014;38;10;40;5;41;1;8;0;100000000
03/04/2014;3;22;5;27;44;6;1;0;15000000
28/02/2014;38;44;32;12;43;2;7;1;42517715
25/02/2014;42;21;25;28;35;6;4;0;31885464
21/02/2014;28;13;17;30;32;5;7;0;24964477
18/02/2014;36;37;26;23;49;6;7;0;15000000
14/02/2014;19;39;4;2;6;2;7;1;25543227
02/11/2014;47;25;8;17;41;1;2;0;15000000
02/07/2014;17;19;47;3;46;9;10;1;25315477
02/04/2014;37;1;33;21;38;8;4;0;15000000
31/01/2014;10;15;31;8;16;8;9;1;72149579
28/01/2014;18;23;48;20;42;2;9;0;59913845
24/01/2014;19;41;35;34;5;1;5;0;51853731
21/01/2014;4;42;35;48;12;5;8;0;40648762
17/01/2014;26;19;33;42;32;10;4;0;33069927
14/01/2014;25;18;20;26;37;11;10;0;22323820
01/10/2014;1;27;2;11;29;10;1;0;15000000
01/07/2014;2;45;20;27;33;6;10;2;130277772
01/03/2014;3;44;27;38;31;3;8;0;116122939
29/12/2015;5;36;32;31;20;6;7;0;32342225
25/12/2015;10;27;40;3;25;9;3;0;24895055
22/12/2015;19;41;18;40;20;7;10;0;15000000
18/12/2015;22;6;26;29;48;5;6;1;83228800
15/12/2015;11;27;35;8;23;4;11;0;71034372
12/11/2015;43;5;21;3;40;11;6;0;62650170
12/08/2015;48;29;12;38;17;9;11;0;51436264
12/04/2015;17;27;18;39;8;7;1;0;44266153
12/01/2015;35;15;45;25;2;10;8;0;33518353
27/11/2015;50;16;30;37;29;6;8;0;26179692
24/11/2015;26;14;17;9;16;10;11;0;15000000
20/11/2015;34;49;30;46;4;8;7;1;163553041
17/11/2015;6;37;23;38;7;11;10;0;144587700
13/11/2015;33;10;18;40;17;8;2;0;130868296
11/10/2015;43;39;13;6;18;2;8;0;111997290
11/06/2015;26;40;38;17;3;4;10;0;100000000
11/03/2015;39;27;49;8;46;2;6;0;55033448
30/10/2015;8;13;17;21;34;6;7;0;47542339
27/10/2015;11;20;25;36;12;9;6;0;37252483
23/10/2015;25;7;32;39;30;2;8;0;30630412
20/10/2015;21;19;30;45;17;8;10;0;21280290
16/10/2015;28;43;7;48;29;3;10;0;15000000
13/10/2015;26;15;12;47;29;11;3;2;30878428
10/09/2015;43;42;47;40;1;9;11;0;24386729
10/06/2015;22;32;29;11;20;1;8;0;15000000
10/02/2015;21;35;7;32;18;11;2;1;15000000
29/09/2015;14;49;26;11;29;3;9;1;15000000
25/09/2015;14;37;30;13;23;8;2;1;47772431
22/09/2015;27;14;23;29;26;7;10;0;37424463
18/09/2015;39;34;33;7;29;8;7;0;30788012
15/09/2015;44;8;15;17;49;5;8;0;21398749
09/11/2015;19;50;10;29;18;9;1;0;15000000
09/08/2015;42;14;40;39;16;1;4;1;30904640
09/04/2015;27;8;45;9;50;8;10;0;24335146
09/01/2015;6;27;45;19;21;8;1;0;15000000
28/08/2015;11;34;30;29;31;4;7;1;15000000
25/08/2015;31;33;50;27;42;5;2;1;30507122
21/08/2015;47;4;16;18;43;10;6;0;23986424
18/08/2015;7;10;19;12;11;2;9;0;15000000
14/08/2015;45;4;44;7;39;3;5;1;40297743
08/11/2015;2;16;3;15;8;4;11;0;30648924
08/07/2015;1;5;21;44;39;4;11;0;24090340
08/04/2015;50;15;39;10;45;10;9;0;15000000
31/07/2015;34;21;16;50;40;6;9;1;24939216
28/07/2015;36;23;49;43;32;8;7;0;15000000
24/07/2015;21;46;2;9;35;2;11;1;40468528
21/07/2015;14;29;44;27;20;10;7;0;30754406
17/07/2015;21;48;22;1;43;9;7;0;24215184
14/07/2015;34;18;36;19;6;1;8;0;15000000
07/10/2015;35;8;15;5;41;5;4;1;40998254
07/07/2015;7;41;33;18;6;10;3;0;31077433
07/03/2015;11;18;44;15;12;3;9;0;24398282
30/06/2015;11;28;15;34;37;1;8;0;15000000
26/06/2015;10;19;6;3;24;5;7;1;25263266
23/06/2015;16;38;4;22;49;6;9;0;15000000
19/06/2015;7;14;20;31;42;9;3;1;24835107
16/06/2015;15;10;36;16;37;3;9;0;15000000
06/12/2015;11;10;37;5;8;9;7;1;129204405
06/09/2015;5;34;17;9;32;8;6;0;112140115
06/05/2015;8;7;2;48;45;9;1;0;100000000
06/02/2015;23;7;41;29;37;1;8;0;21811079
29/05/2015;3;4;20;45;48;6;8;0;15000000
26/05/2015;6;24;7;21;5;6;5;1;37682171
22/05/2015;18;44;35;24;45;5;11;0;31141927
19/05/2015;35;37;31;26;30;11;8;0;21489111
15/05/2015;47;42;44;5;35;9;8;0;15000000
05/12/2015;29;30;14;46;40;3;6;1;47879234
05/08/2015;14;19;49;7;47;10;3;0;40655810
05/05/2015;1;17;10;42;20;9;8;0;30744734
05/01/2015;19;26;20;25;3;6;10;0;23963701
28/04/2015;36;24;28;26;45;10;7;0;15000000
24/04/2015;31;5;40;29;19;3;10;1;50731331
21/04/2015;14;42;17;6;45;8;1;0;39055477
17/04/2015;39;2;34;24;30;11;8;0;31605188
14/04/2015;49;34;32;24;35;2;1;0;21697826
04/10/2015;25;43;22;23;30;5;9;0;15000000
04/07/2015;39;25;50;44;18;8;5;1;21449918
04/03/2015;39;37;49;29;27;4;2;0;15000000
31/03/2015;8;28;20;24;49;8;9;1;73584056
27/03/2015;30;39;32;44;2;10;6;0;65065695
24/03/2015;40;10;39;24;26;3;10;0;52905388
20/03/2015;3;14;42;48;37;1;10;0;45000000
17/03/2015;11;23;44;38;26;8;1;0;33000000
13/03/2015;4;5;22;18;23;3;1;0;27214552
03/10/2015;31;30;2;6;23;10;2;0;15000000
03/06/2015;47;30;49;50;23;7;2;1;100000000
03/03/2015;6;21;13;8;11;8;7;0;81055085
27/02/2015;17;25;14;5;47;10;9;0;71791059
24/02/2015;3;28;25;34;50;1;11;0;58852109
20/02/2015;37;46;10;4;14;4;7;0;51125126
17/02/2015;5;2;18;43;30;10;1;0;40422821
13/02/2015;24;12;39;44;42;3;11;0;33327954
02/10/2015;30;45;20;13;17;9;10;0;21653156
02/06/2015;50;30;10;26;39;8;7;0;15000000
02/03/2015;50;44;17;31;33;11;7;1;15000000
30/01/2015;9;24;15;13;19;3;8;2;15000000
27/01/2015;10;33;5;31;40;10;8;1;21715116
23/01/2015;30;45;29;38;6;8;1;0;15000000
20/01/2015;33;47;15;41;44;10;8;2;32539304
16/01/2015;34;32;29;30;46;6;3;0;25492644
13/01/2015;34;31;21;8;17;10;9;0;15000000
01/09/2015;6;32;45;21;24;1;11;1;31666941
01/06/2015;20;38;30;14;49;4;3;0;21570078
01/02/2015;24;25;49;28;22;3;6;0;15000000
30/12/2016;8;10;22;29;47;1;3;0;17000000
27/12/2016;32;22;39;25;3;7;12;1;25000000
23/12/2016;46;39;16;20;4;2;5;0;17000000
20/12/2016;15;27;13;21;17;2;3;1;61653352
16/12/2016;45;10;6;30;41;4;11;0;51365465
13/12/2016;28;50;48;29;14;2;8;0;38164327
12/09/2016;6;40;37;28;12;1;5;0;29101354
12/06/2016;27;1;7;11;45;4;9;0;17000000
12/02/2016;6;11;23;31;32;2;12;1;28251970
29/11/2016;38;27;21;28;26;9;11;0;17000000
25/11/2016;28;23;5;11;17;10;11;2;57128890
22/11/2016;47;10;5;33;34;10;2;0;44606876
18/11/2016;3;12;27;32;47;6;8;0;36226400
15/11/2016;42;7;15;36;48;3;7;0;25643917
11/11/2016;38;49;3;22;23;2;9;0;17000000
11/08/2016;5;9;47;49;50;8;9;1;39336342
11/04/2016;7;11;12;48;44;3;7;0;30088611
11/01/2016;6;10;20;29;37;1;9;0;17000000
28/10/2016;23;43;10;19;16;2;8;1;17375733
25/10/2016;28;15;21;3;20;1;5;1;50108729
21/10/2016;48;9;23;20;44;8;10;0;39871819
18/10/2016;2;25;17;21;27;6;9;0;26452819
14/10/2016;31;34;19;7;13;1;11;0;17000000
10/11/2016;12;37;20;24;5;4;11;1;168085323
10/07/2016;12;30;27;20;2;11;9;0;160262012
10/04/2016;4;38;7;14;34;4;11;0;140796507
30/09/2016;35;44;17;37;43;2;10;0;130000000
27/09/2016;6;9;13;39;41;2;12;0;17000000
23/09/2016;14;39;42;49;16;3;9;1;23850387
20/09/2016;45;41;4;1;10;9;6;0;15000000
16/09/2016;32;5;22;8;14;2;11;1;39758892
13/09/2016;44;16;4;7;35;1;3;0;30386703
09/09/2016;28;4;11;17;15;1;3;0;23906431
09/06/2016;45;12;34;24;30;7;10;0;15000000
09/02/2016;50;40;16;32;8;2;11;5;39204300
30/08/2016;29;42;13;16;35;6;8;0;30018586
26/08/2016;48;9;30;28;1;7;8;0;23748325
23/08/2016;2;31;45;37;23;4;8;0;15000000
19/08/2016;22;6;5;25;34;5;7;1;54894441
16/08/2016;34;37;46;26;2;4;8;0;45434119
08/12/2016;15;50;36;2;28;2;11;0;39134895
08/09/2016;19;43;44;12;45;5;10;0;30094448
08/05/2016;19;16;24;37;35;2;7;0;23739151
08/02/2016;27;46;38;2;8;2;6;0;15000000
29/07/2016;40;26;50;1;21;2;4;1;72413419
26/07/2016;13;49;10;45;3;2;11;0;61762146
22/07/2016;26;45;24;7;37;5;9;0;54603405
19/07/2016;24;37;19;28;36;3;6;0;45336960
15/07/2016;2;11;14;13;21;1;8;0;38892370
07/12/2016;26;3;41;33;7;2;10;0;30023216
07/08/2016;12;18;8;44;33;8;4;0;23725445
07/05/2016;38;29;10;48;1;3;4;0;15000000
07/01/2016;11;50;13;40;2;1;10;1;23845060
28/06/2016;43;37;32;26;49;4;5;0;15000000
24/06/2016;11;19;39;28;27;3;10;1;39675953
21/06/2016;32;35;17;49;5;1;5;0;30372881
17/06/2016;43;1;18;27;7;4;8;0;23930261
14/06/2016;13;50;42;39;34;9;11;0;15000000
06/10/2016;21;35;42;14;43;7;9;1;85076374
06/07/2016;26;49;19;45;35;2;5;0;73037327
06/03/2016;7;31;39;23;33;6;10;0;64670541
31/05/2016;6;30;26;48;12;6;7;0;54237617
27/05/2016;46;27;13;43;25;4;8;0;47024763
24/05/2016;37;17;34;16;23;6;9;0;37111646
20/05/2016;41;9;30;14;45;4;9;0;30459055
17/05/2016;32;27;39;36;15;3;10;0;21222202
13/05/2016;31;28;42;15;7;10;11;0;15000000
05/10/2016;40;2;26;27;49;5;10;1;73002277
05/06/2016;45;48;40;34;32;1;10;0;64875525
05/03/2016;23;34;8;24;38;3;7;0;54692521
29/04/2016;4;25;28;5;43;6;11;0;47533440
26/04/2016;10;42;17;32;31;2;5;0;37322168
22/04/2016;32;43;26;34;17;2;10;0;30597280
19/04/2016;27;14;44;15;11;2;7;0;21367277
15/04/2016;13;32;37;14;48;1;7;0;15000000
04/12/2016;9;1;5;22;38;2;10;1;65001096
04/08/2016;43;8;49;6;26;6;10;0;57250091
04/05/2016;3;19;40;9;5;2;5;0;46881020
04/01/2016;23;25;2;49;16;6;9;0;39814046
29/03/2016;4;25;19;36;1;3;11;0;30177602
25/03/2016;43;36;12;42;19;5;8;0;24008507
22/03/2016;15;49;12;26;42;5;8;0;15000000
18/03/2016;14;49;21;19;24;5;11;1;59687034
15/03/2016;7;10;5;44;34;2;10;0;49339787
03/11/2016;26;43;1;21;40;6;9;0;42155766
03/08/2016;9;14;23;8;1;1;7;0;32079575
03/04/2016;9;23;40;16;14;1;5;0;25106903
03/01/2016;37;7;28;13;4;10;11;0;15000000
26/02/2016;13;50;5;33;15;9;11;1;15000000
23/02/2016;42;32;23;25;37;1;11;1;31340088
19/02/2016;32;13;14;39;30;3;9;0;24499669
16/02/2016;3;22;50;10;37;6;10;0;15000000
02/12/2016;31;49;28;20;3;2;5;1;32002496
02/09/2016;9;6;13;28;37;4;5;0;21863824
02/05/2016;46;32;27;3;41;4;8;0;15000000
02/02/2016;36;21;10;6;9;2;6;1;15000000
29/01/2016;29;32;23;1;5;1;7;2;132376636
26/01/2016;15;40;24;48;38;2;9;0;116044888
22/01/2016;27;10;30;47;12;8;9;0;104897313
19/01/2016;2;30;38;43;46;7;2;0;91076034
15/01/2016;43;38;19;10;46;1;11;0;81942693
01/12/2016;2;10;30;44;1;1;8;0;69720920
01/08/2016;35;33;26;40;5;3;8;0;61385482
01/05/2016;36;10;6;39;31;6;10;0;49900228
01/01/2016;44;37;38;39;4;4;7;0;42094520
29/12/2017;4;8;22;23;48;1;12;1;38906715
26/12/2017;4;17;30;43;44;2;10;0;24717288
22/12/2017;5;24;30;31;43;3;6;0;17000000
19/12/2017;8;15;30;38;46;4;7;1;135346147
15/12/2017;25;30;31;42;50;2;11;0;126429055
12/12/2017;39;20;37;50;44;4;8;0;115458908
12/08/2017;4;22;30;32;34;3;4;0;107213099
12/05/2017;48;11;44;43;36;2;7;0;97420825
12/01/2017;5;46;29;35;24;11;12;0;90060314
28/11/2017;42;1;12;6;18;2;7;0;80976656
24/11/2017;19;24;28;30;50;3;10;0;74515266
21/11/2017;31;28;10;2;14;7;5;0;61046362
17/11/2017;35;36;26;42;20;5;12;0;51634094
14/11/2017;16;40;39;41;14;8;10;0;38477171
11/10/2017;37;36;29;22;13;1;9;0;29800638
11/07/2017;37;19;41;20;7;12;2;0;17000000
11/03/2017;41;5;33;17;12;4;9;1;28709464
31/10/2017;46;12;43;36;1;3;5;0;17000000
27/10/2017;39;23;16;32;3;1;4;1;17000000
24/10/2017;27;9;33;13;11;7;10;1;65407072
20/10/2017;4;27;23;30;17;3;8;0;55649983
17/10/2017;19;26;17;13;36;2;3;0;42395360
13/10/2017;23;37;50;29;45;5;11;0;33140111
10/10/2017;36;4;37;21;34;3;6;0;17000000
10/06/2017;1;9;15;19;25;1;7;1;190000000
10/03/2017;32;6;50;24;48;1;5;0;190000000
29/09/2017;18;32;7;48;19;3;7;0;178941892
26/09/2017;40;29;1;48;41;6;12;0;163620566
22/09/2017;6;11;31;39;42;1;3;0;152701511
19/09/2017;45;21;1;8;30;2;3;0;139531728
15/09/2017;44;49;13;18;37;9;12;0;130000000
09/12/2017;35;17;29;10;27;4;11;0;37430146
09/08/2017;9;24;42;47;49;1;5;0;28504963
09/05/2017;28;18;29;6;9;9;1;0;17000000
09/01/2017;3;7;8;14;49;5;8;1;28287321
29/08/2017;4;12;32;15;38;1;5;0;17000000
25/08/2017;15;7;1;47;5;9;12;1;17000000
22/08/2017;10;12;17;3;27;3;5;1;44105265
18/08/2017;39;42;24;45;2;2;8;0;35595611
15/08/2017;10;14;30;35;46;4;10;0;24238049
08/11/2017;18;28;39;46;48;5;12;0;17000000
08/08/2017;26;15;40;25;41;4;5;1;36563144
08/04/2017;29;30;41;40;36;9;2;0;28246597
08/01/2017;29;24;21;30;14;8;10;0;17000000
28/07/2017;41;9;31;5;29;2;4;1;57871110
25/07/2017;14;44;43;48;12;2;11;0;45205505
21/07/2017;8;1;26;49;9;5;9;0;36567350
18/07/2017;41;27;1;45;25;5;7;0;25104936
14/07/2017;21;14;20;47;11;10;7;0;17000000
07/11/2017;50;26;42;22;14;8;10;1;17000000
07/07/2017;11;20;35;37;45;3;6;1;28975630
07/04/2017;22;25;10;37;49;8;5;0;17000000
30/06/2017;35;50;39;17;47;6;8;1;100000000
27/06/2017;45;17;21;9;28;1;3;0;79203977
23/06/2017;4;31;21;3;38;3;7;0;72762689
20/06/2017;44;43;11;18;26;8;10;0;59644334
16/06/2017;38;42;15;17;41;9;12;0;50405630
13/06/2017;12;3;22;27;49;4;11;0;38110538
06/09/2017;9;39;27;20;43;10;11;0;29190553
06/06/2017;25;40;20;22;37;3;7;0;17000000
06/02/2017;8;42;33;24;10;3;9;1;153873716
30/05/2017;27;48;38;12;7;6;9;0;139962742
26/05/2017;5;7;26;36;39;2;10;0;130028601
23/05/2017;15;8;42;25;27;1;4;0;118337309
19/05/2017;30;12;9;19;11;4;9;0;109192064
16/05/2017;20;8;30;11;15;3;8;0;98136932
05/12/2017;2;20;28;29;44;3;9;0;90507121
05/09/2017;26;22;16;12;8;6;7;0;81075588
05/05/2017;7;43;30;3;35;1;3;0;74483969
05/02/2017;27;25;19;6;23;11;12;0;66014926
28/04/2017;14;20;25;30;39;2;8;0;57367996
25/04/2017;11;9;32;19;43;3;9;0;44628597
21/04/2017;2;13;22;49;16;4;5;0;36047524
18/04/2017;22;17;45;38;31;5;12;0;24655351
14/04/2017;33;20;4;14;23;6;10;0;17000000
04/11/2017;5;21;22;31;49;2;8;1;83397527
04/07/2017;2;10;19;35;50;6;7;0;76652440
04/04/2017;24;33;9;1;34;2;6;0;68205610
31/03/2017;17;24;26;28;45;4;12;0;58432786
28/03/2017;9;13;31;33;46;6;10;0;45620296
24/03/2017;2;21;17;27;34;5;9;0;36870612
21/03/2017;47;23;20;44;1;4;11;0;25165272
17/03/2017;19;29;36;6;10;3;9;0;17000000
14/03/2017;21;5;44;36;3;3;6;1;80571199
03/10/2017;38;49;31;47;36;8;11;0;73878559
03/07/2017;6;37;50;41;48;4;5;0;59887734
03/03/2017;47;2;11;29;30;1;12;0;50129163
28/02/2017;35;31;10;42;20;2;12;0;37350466
24/02/2017;13;2;43;22;4;8;9;0;28811185
21/02/2017;19;41;49;13;45;3;4;0;17000000
17/02/2017;19;25;33;36;48;2;9;1;17000000
14/02/2017;44;40;24;2;10;3;10;2;47141418
02/10/2017;43;26;7;35;21;2;9;0;37000000
02/07/2017;44;38;4;31;10;8;10;0;25000000
02/03/2017;3;4;15;46;50;5;9;0;17000000
31/01/2017;4;17;44;23;3;6;9;1;25000000
27/01/2017;17;20;28;45;48;5;9;0;17000000
24/01/2017;5;1;23;17;7;3;8;1;88000000
20/01/2017;17;10;27;49;31;3;5;0;80000000
17/01/2017;43;4;25;16;47;2;10;0;71000000
13/01/2017;3;7;16;26;50;4;7;0;61000000
01/10/2017;44;29;35;11;2;4;9;0;45000000
01/06/2017;10;14;18;21;49;9;11;0;37000000
01/03/2017;34;27;49;23;19;1;11;0;25000000
28/12/2018;13;16;34;35;45;10;12;0;120363454
25/12/2018;4;5;8;31;43;2;9;0;109785346
21/12/2018;2;12;15;34;50;3;4;0;102382992
18/12/2018;1;9;18;39;48;5;7;0;92347677
14/12/2018;12;29;38;42;44;2;12;0;85503050
12/11/2018;4;7;13;23;42;1;3;0;77047465
12/07/2018;11;17;26;37;48;1;10;0;70885902
12/04/2018;21;19;45;20;42;8;9;0;58045709
30/11/2018;3;10;12;23;26;1;12;0;48850310
27/11/2018;4;16;17;18;32;2;11;0;36531328
23/11/2018;25;30;5;26;8;3;10;0;28078913
20/11/2018;6;19;39;45;48;7;12;0;17000000
16/11/2018;9;10;13;28;41;1;12;1;50340148
13/11/2018;2;7;10;13;42;3;6;0;38112925
11/09/2018;14;17;32;37;49;11;12;0;29387682
11/06/2018;14;24;36;40;43;2;9;0;17000000
11/02/2018;5;15;17;37;44;7;11;1;87021202
30/10/2018;44;27;23;17;43;1;12;0;78587093
26/10/2018;5;18;21;31;35;6;9;0;72210652
23/10/2018;1;2;5;21;32;2;12;0;58925021
19/10/2018;1;3;29;47;48;3;12;0;49434483
16/10/2018;15;28;37;40;42;1;6;0;37140191
10/12/2018;4;9;12;31;43;5;8;0;28511487
10/09/2018;3;12;36;44;45;8;11;0;17000000
10/05/2018;8;16;24;26;35;3;11;1;17000000
10/02/2018;7;17;29;37;45;3;11;1;162403002
28/09/2018;2;4;8;27;50;2;9;0;151876472
25/09/2018;6;15;20;30;38;4;7;0;139272150
21/09/2018;5;7;21;25;37;3;4;0;130000000
18/09/2018;3;8;10;32;45;4;12;0;45748295
14/09/2018;1;3;33;40;45;3;4;0;36785881
09/11/2018;9;18;32;38;46;2;3;0;25114954
09/07/2018;50;31;27;4;23;1;8;0;17000000
09/04/2018;5;14;28;30;47;4;11;1;45447459
31/08/2018;4;30;31;38;42;4;6;0;36535987
28/08/2018;4;16;32;42;46;8;12;0;25031511
24/08/2018;3;14;31;36;50;1;12;0;17000000
21/08/2018;16;23;42;43;49;10;12;1;107839228
17/08/2018;2;15;18;24;43;8;12;0;99896146
14/08/2018;1;15;18;25;31;9;11;0;90786197
08/10/2018;18;20;36;43;44;3;9;0;83831487
08/07/2018;16;28;29;30;36;8;10;0;75479227
08/03/2018;7;26;36;38;43;6;12;0;69369394
31/07/2018;20;25;34;42;45;6;11;0;56774958
27/07/2018;11;17;22;23;41;6;11;0;47636023
24/07/2018;2;4;23;39;40;3;9;0;35993507
20/07/2018;2;15;40;43;46;3;6;0;27914266
17/07/2018;4;6;27;48;50;1;11;0;17000000
13/07/2018;1;4;14;21;49;2;12;1;17000000
07/10/2018;3;8;26;33;45;7;10;1;65538512
07/06/2018;8;30;33;38;48;2;10;0;56241097
07/03/2018;1;12;15;29;48;3;5;0;44211419
29/06/2018;15;21;23;40;48;3;12;0;35759659
26/06/2018;15;16;20;34;50;4;7;0;24657714
22/06/2018;14;25;39;41;44;2;8;0;17000000
19/06/2018;7;19;26;42;50;4;9;1;36158964
15/06/2018;23;26;33;38;49;1;12;0;28072727
06/12/2018;7;21;23;36;38;6;8;0;17000000
06/08/2018;8;19;32;43;46;2;8;1;17000000
06/05/2018;9;15;22;39;46;4;5;1;17000000
06/01/2018;17;18;24;29;40;4;5;2;74290358
29/05/2018;6;11;20;38;43;2;4;0;66136267
25/05/2018;13;15;16;28;41;4;5;0;57140617
22/05/2018;1;11;37;41;48;8;12;0;44872308
18/05/2018;5;8;10;13;31;3;6;0;36663314
15/05/2018;4;16;20;31;39;2;12;0;25146151
05/11/2018;3;22;34;49;50;8;11;0;17000000
05/08/2018;17;25;35;39;44;2;5;1;45566998
05/04/2018;6;12;23;39;45;9;12;0;36945285
05/01/2018;6;15;17;42;48;4;6;0;24728362
27/04/2018;12;24;40;41;46;5;12;0;17000000
24/04/2018;20;23;28;30;44;3;7;1;138724202
20/04/2018;3;16;25;39;44;7;11;0;130000000
17/04/2018;15;27;33;39;50;4;6;0;25723280
13/04/2018;5;25;34;48;50;6;7;0;17000000
04/10/2018;14;27;39;46;48;11;12;1;17000000
04/06/2018;1;29;33;45;47;4;8;1;76119641
04/03/2018;3;8;16;40;43;5;8;0;67723106
30/03/2018;12;17;28;35;47;7;11;0;58701125
27/03/2018;17;20;23;40;46;9;10;0;46327391
23/03/2018;5;7;11;46;50;8;11;0;37457698
20/03/2018;26;29;37;39;44;9;11;0;25434576
16/03/2018;4;17;24;27;31;10;11;0;17000000
13/03/2018;9;11;13;33;49;6;12;1;61521581
03/09/2018;9;14;21;32;44;1;12;0;51518629
03/06/2018;15;20;26;31;44;2;9;0;38461489
03/02/2018;2;7;34;45;48;1;12;0;29164811
27/02/2018;3;31;41;48;50;8;11;0;17000000
23/02/2018;18;17;28;47;10;3;7;2;177724496
20/02/2018;6;14;19;25;29;5;11;0;161121640
16/02/2018;10;12;23;32;50;4;10;0;150559073
13/02/2018;10;13;17;21;44;1;10;0;138421493
02/09/2018;22;31;36;38;44;1;11;0;129291731
02/06/2018;8;17;28;34;38;6;12;0;117593590
02/02/2018;14;34;36;39;48;2;3;0;108738581
30/01/2018;11;15;21;27;35;4;5;0;98248326
26/01/2018;6;15;24;28;48;4;9;0;91021687
23/01/2018;5;8;9;23;24;7;8;0;81794527
19/01/2018;3;8;17;44;50;2;7;0;75062595
16/01/2018;20;23;31;34;46;3;12;0;61162041
01/12/2018;13;21;23;30;45;4;6;0;51154443
01/09/2018;6;12;15;38;49;2;9;0;37933940
01/05/2018;2;5;20;38;41;4;8;0;28911186
01/02/2018;10;20;21;28;48;1;8;0;17000000
31/12/2019;26;31;33;41;48;2;4;0;52720345
27/12/2019;1;7;22;26;35;5;10;0;38682870
24/12/2019;3;11;13;14;47;3;6;0;27481033
20/12/2019;8;24;30;32;34;3;4;0;17000000
17/12/2019;1;7;12;25;49;6;9;1;48949099
13/12/2019;9;16;18;23;32;2;10;0;39409788
12/10/2019;2;10;19;21;47;2;8;0;25800035
12/06/2019;1;3;27;39;46;1;10;0;17000000
12/03/2019;18;31;32;38;48;4;12;1;48061132
29/11/2019;3;7;12;42;50;6;8;0;38399547
26/11/2019;2;3;15;19;34;5;8;0;25884845
22/11/2019;3;21;32;34;48;3;11;0;17000000
19/11/2019;8;10;15;30;42;4;6;1;122766852
15/11/2019;3;13;20;32;34;4;11;0;114675404
11/12/2019;1;21;23;25;39;2;4;0;104800336
11/08/2019;8;17;20;23;45;2;8;0;97372165
11/05/2019;9;14;25;33;48;2;12;0;87082433
11/01/2019;2;20;39;44;48;5;7;0;80266472
29/10/2019;16;18;28;42;49;5;10;0;72065538
25/10/2019;34;37;39;40;50;4;10;0;61669532
22/10/2019;2;5;32;33;47;7;8;0;48515733
18/10/2019;8;18;22;41;42;11;12;0;38860931
15/10/2019;3;28;31;32;34;4;5;0;26357631
10/11/2019;2;14;19;42;45;5;6;0;17000000
10/08/2019;7;10;15;44;49;3;12;1;190000000
10/04/2019;6;9;35;41;44;6;9;0;190000000
10/01/2019;2;11;18;40;46;1;4;0;190000000
27/09/2019;24;37;41;43;46;2;8;0;190000000
24/09/2019;2;33;42;47;48;1;2;0;190000000
20/09/2019;8;21;25;38;50;4;8;0;189603734
17/09/2019;22;45;43;44;37;1;12;0;175143429
13/09/2019;1;12;27;42;47;6;7;0;164055006
09/10/2019;3;22;25;30;49;3;6;0;149857027
09/06/2019;10;13;22;40;48;2;5;0;139970283
09/03/2019;7;11;38;39;44;7;10;0;128170100
30/08/2019;25;27;45;46;49;4;6;0;119176433
27/08/2019;8;26;35;43;47;1;9;0;108433046
23/08/2019;4;17;35;42;45;2;8;0;100840609
20/08/2019;20;22;23;24;37;1;4;0;91270047
16/08/2019;9;10;27;37;42;1;5;0;84510207
13/08/2019;13;29;31;33;40;2;3;0;76458286
08/09/2019;2;14;35;41;42;10;11;0;70120308
08/06/2019;12;13;29;36;38;4;12;0;57394563
08/02/2019;13;22;33;44;50;2;5;0;48088964
30/07/2019;15;20;23;27;40;3;6;0;36345090
26/07/2019;2;5;27;37;42;3;10;0;27844950
23/07/2019;1;14;19;23;38;3;7;0;17000000
19/07/2019;13;14;17;26;28;2;7;1;107683454
16/07/2019;5;13;18;39;3;8;7;0;97518039
07/12/2019;2;31;39;45;47;4;8;0;90471737
07/09/2019;7;29;32;36;41;6;7;0;81747157
07/05/2019;2;9;20;34;42;6;9;0;75229368
07/02/2019;19;44;11;29;45;12;8;0;67120223
28/06/2019;1;3;16;33;49;2;11;0;57532742
25/06/2019;6;26;27;34;46;1;9;0;45289917
21/06/2019;5;8;9;25;39;3;7;0;36686125
18/06/2019;12;24;37;40;44;3;7;0;25307673
14/06/2019;1;13;30;31;39;2;7;0;17000000
06/11/2019;25;27;39;42;46;11;12;1;138716863
06/07/2019;1;4;16;20;34;2;5;0;130000000
06/04/2019;31;32;9;39;41;8;2;0;25380126
31/05/2019;1;23;24;26;35;1;11;0;17000000
28/05/2019;7;19;20;28;29;1;5;2;65353668
24/05/2019;5;16;23;30;49;6;7;0;56397248
21/05/2019;32;33;34;39;47;8;12;0;44599323
17/05/2019;16;28;42;43;45;6;7;0;36088260
14/05/2019;10;14;17;25;50;2;10;0;24956872
05/10/2019;1;4;27;45;48;1;7;0;17000000
05/07/2019;7;20;26;32;47;2;11;1;25024461
05/03/2019;2;9;20;27;43;5;6;0;17000000
30/04/2019;5;12;20;26;48;2;11;1;25326022
26/04/2019;33;35;50;47;14;11;9;0;17000000
23/04/2019;18;23;27;42;44;2;7;1;44153561
19/04/2019;7;8;32;41;49;5;11;0;36104655
16/04/2019;1;8;15;44;49;2;11;0;25270377
04/12/2019;1;28;35;36;46;6;9;0;17000000
04/09/2019;18;21;29;38;41;1;11;1;79149373
04/05/2019;7;45;10;1;29;5;3;0;72846386
04/02/2019;9;26;16;2;36;6;7;0;59503555
29/03/2019;13;23;26;32;47;6;10;0;49918767
26/03/2019;12;19;23;43;47;2;6;0;37479115
22/03/2019;4;17;26;30;43;6;11;0;28719145
19/03/2019;1;6;9;34;47;7;12;0;17000000
15/03/2019;46;24;42;15;3;12;9;1;83410540
03/12/2019;5;7;13;19;31;2;9;0;74349024
03/08/2019;17;18;19;24;40;4;8;0;63920702
03/05/2019;6;10;16;39;46;8;11;0;50394785
03/01/2019;6;9;19;26;31;11;12;0;40737694
26/02/2019;3;15;29;35;47;3;4;0;25879457
22/02/2019;3;27;29;33;50;3;7;0;17000000
19/02/2019;1;8;18;19;39;7;9;1;175475380
15/02/2019;15;27;34;38;49;2;10;0;164624365
02/12/2019;6;34;36;41;50;1;5;0;151629098
02/08/2019;11;12;13;39;46;7;10;0;141607621
02/05/2019;14;25;31;37;43;2;3;0;129262876
02/01/2019;3;21;26;41;46;1;6;0;120000000
29/01/2019;14;24;26;32;39;3;8;0;85646002
25/01/2019;1;6;13;15;16;6;10;0;78799794
22/01/2019;9;23;29;41;49;8;10;0;70256484
18/01/2019;5;6;16;30;46;5;10;0;60264632
15/01/2019;33;22;35;25;29;3;6;0;47436060
01/11/2019;1;19;31;39;48;1;6;0;38040648
01/08/2019;3;19;22;31;32;2;11;0;25825451
01/04/2019;7;11;19;27;37;6;10;0;17000000
01/01/2019;1;8;11;25;28;4;6;1;129645665
29/12/2020;7;32;39;40;45;3;8;0;28138113
25/12/2020;16;21;27;30;32;3;5;0;17000000
22/12/2020;2;10;16;42;50;4;11;1;43704037
18/12/2020;2;3;13;17;21;7;8;0;31733127
15/12/2020;9;13;21;29;35;1;2;0;17000000
12/11/2020;6;9;13;24;41;3;12;1;200000000
12/08/2020;1;4;21;24;46;2;12;0;200000000
12/04/2020;14;20;27;34;38;1;11;0;200000000
12/01/2020;14;20;29;47;49;4;12;0;178983729
27/11/2020;2;5;8;14;16;8;9;0;163105527
24/11/2020;25;33;38;42;50;8;12;0;144228546
20/11/2020;28;29;39;48;50;5;7;0;130000000
17/11/2020;16;19;25;30;44;2;6;0;77412811
13/11/2020;1;5;17;28;31;1;10;0;67599950
11/10/2020;3;19;29;32;38;5;12;0;50553655
11/06/2020;7;12;37;40;50;1;2;0;39829739
11/03/2020;5;7;18;20;30;6;7;0;26511570
30/10/2020;12;16;20;21;28;3;9;0;17000000
27/10/2020;13;15;28;32;44;3;12;1;87757466
23/10/2020;10;15;19;21;23;3;12;0;77965255
20/10/2020;5;6;15;37;42;3;4;0;65338543
16/10/2020;15;33;38;40;50;3;6;0;54453448
13/10/2020;5;14;38;41;46;1;10;0;40315607
10/09/2020;11;15;35;41;50;5;8;0;30301316
10/06/2020;4;21;36;41;47;9;11;0;17000000
10/02/2020;6;12;15;40;45;3;9;1;30627859
29/09/2020;4;14;16;41;44;11;12;0;17000000
25/09/2020;19;23;34;37;45;1;7;1;130000000
22/09/2020;16;25;28;39;40;1;6;0;77251357
18/09/2020;2;10;19;25;45;1;7;0;67276035
15/09/2020;16;20;25;30;38;6;8;0;51364535
09/11/2020;34;38;42;43;45;9;12;0;40532810
09/08/2020;2;9;31;35;41;9;12;0;27031840
09/04/2020;6;22;29;40;43;4;7;0;17000000
09/01/2020;4;8;10;33;46;8;11;1;157170843
28/08/2020;7;12;16;17;31;7;9;0;142306851
25/08/2020;18;37;39;30;7;10;8;0;125020060
21/08/2020;10;15;35;44;50;3;5;0;111858946
18/08/2020;6;12;17;34;42;5;12;0;96747721
14/08/2020;9;10;19;42;49;4;12;0;86162555
08/11/2020;8;13;14;42;50;3;9;0;73494414
08/07/2020;5;20;21;36;41;6;11;0;64058391
08/04/2020;42;2;5;1;15;8;5;0;49112673
31/07/2020;21;24;30;46;49;2;5;0;38953665
28/07/2020;9;13;15;17;34;2;7;0;26261754
24/07/2020;8;9;27;28;50;4;12;0;17000000
21/07/2020;14;15;24;29;42;2;4;1;49564587
17/07/2020;7;15;27;41;43;7;9;0;39348808
14/07/2020;11;22;30;37;47;9;10;0;26440749
07/10/2020;15;17;23;30;38;2;7;0;17000000
07/07/2020;12;16;23;33;41;8;10;1;144542315
07/03/2020;4;16;27;37;39;3;6;0;130000000
30/06/2020;1;6;11;28;42;2;10;0;62297693
26/06/2020;1;10;12;21;26;5;11;0;51471751
23/06/2020;19;46;49;12;2;8;1;0;38429546
19/06/2020;5;14;19;24;43;3;11;0;29065639
16/06/2020;4;9;11;17;39;2;10;0;17000000
06/12/2020;2;24;39;45;46;4;8;1;51583717
06/09/2020;5;15;27;36;46;2;8;0;38666415
06/05/2020;5;11;17;24;37;3;6;0;29131137
06/02/2020;10;12;22;26;49;7;11;0;17000000
29/05/2020;4;8;11;19;46;4;8;1;17000000
26/05/2020;4;9;14;21;27;4;6;2;37143480
22/05/2020;3;18;22;27;32;2;7;0;28245446
19/05/2020;5;25;32;37;43;6;7;0;17000000
15/05/2020;11;23;32;34;39;1;6;1;72969058
05/12/2020;9;16;29;37;39;4;11;0;63861474
05/08/2020;8;25;32;33;38;7;9;0;57015368
05/05/2020;2;10;22;27;41;2;3;0;48838406
05/01/2020;47;20;19;45;38;2;6;0;41201741
28/04/2020;15;23;26;28;32;1;5;0;32299012
24/04/2020;1;5;19;21;28;4;7;0;25497940
21/04/2020;10;11;14;23;28;6;8;0;17000000
17/04/2020;16;28;32;37;45;1;11;1;67188313
14/04/2020;6;29;34;35;40;4;11;0;59184725
04/10/2020;3;10;17;33;39;1;4;0;53434751
04/07/2020;4;5;14;33;48;7;12;0;45796215
04/03/2020;16;19;34;46;50;2;6;0;39141320
31/03/2020;12;17;24;30;36;1;9;0;30777246
27/03/2020;11;14;27;41;46;2;3;0;24704307
24/03/2020;7;12;26;30;33;10;11;0;17000000
20/03/2020;40;9;20;34;3;6;12;1;17000000
17/03/2020;5;7;8;16;20;2;12;1;63600033
13/03/2020;3;11;21;27;36;9;10;0;55850379
03/10/2020;11;23;30;37;43;5;12;0;40555593
03/06/2020;15;38;43;45;46;1;11;0;30399605
03/03/2020;4;14;27;44;45;1;10;0;17000000
28/02/2020;8;11;20;22;23;3;4;1;67084644
25/02/2020;1;4;18;27;42;4;6;0;51940006
21/02/2020;7;23;30;32;45;5;9;0;41085850
18/02/2020;11;32;34;38;47;2;10;0;27039366
14/02/2020;5;20;35;41;49;6;10;0;17000000
02/11/2020;24;26;32;43;46;6;10;1;17000000
02/07/2020;9;15;17;25;40;3;9;1;130000000
02/04/2020;21;23;33;35;47;6;7;0;40857417
31/01/2020;13;18;20;23;30;2;4;0;28934315
28/01/2020;1;19;27;31;38;4;5;0;17000000
24/01/2020;3;4;6;9;24;5;8;1;28601720
21/01/2020;10;11;24;36;46;3;5;0;17000000
17/01/2020;8;19;20;29;44;3;8;1;100779289
14/01/2020;21;25;29;39;44;8;9;0;91228644
01/10/2020;6;17;32;44;46;2;6;0;84145912
01/07/2020;5;8;12;37;43;6;11;0;75337663
01/03/2020;5;15;20;36;47;8;12;0;64992459
02/02/2021;18;20;35;38;48;9;12;0;41721143
29/01/2021;1;5;27;36;42;1;6;0;30681161
26/01/2021;5;7;25;37;40;2;8;0;17000000
22/01/2021;8;16;42;44;47;6;7;1;80566353
19/01/2021;25;27;31;35;43;5;6;0;67733808
15/01/2021;4;10;27;38;40;3;11;0;56331898
01/12/2021;2;10;18;34;35;6;9;0;41607178
01/08/2021;18;23;37;41;42;4;6;0;30824040
01/05/2021;12;34;37;38;42;1;3;0;17000000
01/01/2021;16;28;32;44;48;1;9;1;44958140
Duprez,Andre,Duprez.andr@gmail.com
